,id,code,Unnamed: 2,alpha-2,alpha-3,nom_fr,nom_gb,Continent,Code_continent
0,0,1,4,AF,AFG,Afghanistan,Afghanistan,Asie,AS
1,1,2,8,AL,ALB,Albanie,Albania,Europe,EU
2,2,3,10,AQ,ATA,Antarctique,Antarctica,Antartique,AN
3,3,4,12,DZ,DZA,Algérie,Algeria,Afrique,AF
4,4,5,16,AS,ASM,Samoa Américaines,American Samoa,Océanie,OC
5,5,6,20,AD,AND,Andorre,Andorra,Europe,EU
6,6,7,24,AO,AGO,Angola,Angola,Afrique,AF
7,7,8,28,AG,ATG,Antigua-et-Barbuda,Antigua and Barbuda,Amerique du Nord,NA
8,8,9,31,AZ,AZE,Azerbaïdjan,Azerbaijan,Asie,AS
9,9,10,32,AR,ARG,Argentine,Argentina,Amerique du sud,SA
10,10,11,36,AU,AUS,Australie,Australia,Océanie,OC
11,11,12,40,AT,AUT,Autriche,Austria,Europe,EU
12,12,13,44,BS,BHS,Bahamas,Bahamas,Amerique du Nord,NA
13,13,14,48,BH,BHR,Bahreïn,Bahrain,Asie,AS
14,14,15,50,BD,BGD,Bangladesh,Bangladesh,Asie,AS
15,15,16,51,AM,ARM,Arménie,Armenia,Asie,AS
16,16,17,52,BB,BRB,Barbade,Barbados,Amerique du Nord,NA
17,17,18,56,BE,BEL,Belgique,Belgium,Europe,EU
18,18,19,60,BM,BMU,Bermudes,Bermuda,,
19,19,20,64,BT,BTN,Bhoutan,Bhutan,Asie,AS
20,20,21,68,BO,BOL,Bolivie,Bolivia,Amerique du sud,SA
21,21,22,70,BA,BIH,Bosnie-Herzégovine,Bosnia and Herzegovina,Europe,EU
22,22,23,72,BW,BWA,Botswana,Botswana,Afrique,AF
23,23,24,74,BV,BVT,Île Bouvet,Bouvet Island,Antartique,AN
24,24,25,76,BR,BRA,Brésil,Brazil,Amerique du sud,SA
25,25,26,84,BZ,BLZ,Belize,Belize,Amerique du Nord,NA
26,26,27,86,IO,IOT,Territoire Britannique de l'Océan Indien,British Indian Ocean Territory,Asie,AS
27,27,28,90,SB,SLB,Îles Salomon,Solomon Islands,Océanie,OC
28,28,29,92,VG,VGB,Îles Vierges Britanniques,British Virgin Islands,,
29,29,30,96,BN,BRN,Brunéi Darussalam,Brunei Darussalam,Asie,AS
30,30,31,100,BG,BGR,Bulgarie,Bulgaria,Europe,EU
31,31,32,104,MM,MMR,Myanmar,Myanmar,Asie,AS
32,32,33,108,BI,BDI,Burundi,Burundi,Afrique,AF
33,33,34,112,BY,BLR,Bélarus,Belarus,Europe,EU
34,34,35,116,KH,KHM,Cambodge,Cambodia,Asie,AS
35,35,36,120,CM,CMR,Cameroun,Cameroon,Afrique,AF
36,36,37,124,CA,CAN,Canada,Canada,Amerique du Nord,NA
37,37,38,132,CV,CPV,Cap-vert,Cape Verde,Afrique,AF
38,38,39,136,KY,CYM,Îles Caïmanes,Cayman Islands,,
39,39,40,140,CF,CAF,République Centrafricaine,Central African,Afrique,AF
40,40,41,144,LK,LKA,Sri Lanka,Sri Lanka,Asie,AS
41,41,42,148,TD,TCD,Tchad,Chad,Afrique,AF
42,42,43,152,CL,CHL,Chili,Chile,Amerique du sud,SA
43,43,44,156,CN,CHN,Chine,China,Asie,AS
44,44,45,158,TW,TWN,Taïwan,Taiwan,Asie,AS
45,45,46,162,CX,CXR,Île Christmas,Christmas Island,Océanie,OC
46,46,47,166,CC,CCK,Îles Cocos (Keeling),Cocos (Keeling) Islands,Asie,AS
47,47,48,170,CO,COL,Colombie,Colombia,Amerique du sud,SA
48,48,49,174,KM,COM,Comores,Comoros,Afrique,AF
49,49,50,175,YT,MYT,Mayotte,Mayotte,Afrique,AF
50,50,51,178,CG,COG,République du Congo,Republic of the Congo,Afrique,AF
51,51,52,180,CD,COD,République Démocratique du Congo,The Democratic Republic Of The Congo,Afrique,AF
52,52,53,184,CK,COK,Îles Cook,Cook Islands,Océanie,OC
53,53,54,188,CR,CRI,Costa Rica,Costa Rica,Amerique du Nord,NA
54,54,55,191,HR,HRV,Croatie,Croatia,Europe,EU
55,55,56,192,CU,CUB,Cuba,Cuba,Amerique du Nord,NA
56,56,57,196,CY,CYP,Chypre,Cyprus,Europe,EU
57,57,58,203,CZ,CZE,République Tchèque,Czech Republic,Europe,EU
58,58,59,204,BJ,BEN,Bénin,Benin,Afrique,AF
59,59,60,208,DK,DNK,Danemark,Denmark,Europe,EU
60,60,61,212,DM,DMA,Dominique,Dominica,Amerique du Nord,NA
61,61,62,214,DO,DOM,République Dominicaine,Dominican Republic,Amerique du Nord,NA
62,62,63,218,EC,ECU,Équateur,Ecuador,Amerique du sud,SA
63,63,64,222,SV,SLV,El Salvador,El Salvador,Amerique du Nord,NA
64,64,65,226,GQ,GNQ,Guinée Équatoriale,Equatorial Guinea,Afrique,AF
65,65,66,231,ET,ETH,Éthiopie,Ethiopia,Afrique,AF
66,66,67,232,ER,ERI,Érythrée,Eritrea,Afrique,AF
67,67,68,233,EE,EST,Estonie,Estonia,Europe,EU
68,68,69,234,FO,FRO,Îles Féroé,Faroe Islands,Europe,EU
69,69,70,238,FK,FLK,Îles (malvinas) Falkland,Falkland Islands,Amerique du sud,SA
70,70,71,239,GS,SGS,Géorgie du Sud et les Îles Sandwich du Sud,South Georgia and the South Sandwich Islands,Antartique,AN
71,71,72,242,FJ,FJI,Fidji,Fiji,Océanie,OC
72,72,73,246,FI,FIN,Finlande,Finland,Europe,EU
73,73,74,248,AX,ALA,Îles Åland,Åland Islands,Europe,EU
74,74,75,250,FR,FRA,France,France,Europe,EU
75,75,76,254,GF,GUF,Guyane Française,French Guiana,Amerique du sud,SA
76,76,77,258,PF,PYF,Polynésie Française,French Polynesia,Océanie,OC
77,77,78,260,TF,ATF,Terres Australes Françaises,French Southern Territories,Antartique,AN
78,78,79,262,DJ,DJI,Djibouti,Djibouti,Afrique,AF
79,79,80,266,GA,GAB,Gabon,Gabon,Afrique,AF
80,80,81,268,GE,GEO,Géorgie,Georgia,Asie,AS
81,81,82,270,GM,GMB,Gambie,Gambia,Afrique,AF
82,82,83,275,PS,PSE,Territoire Palestinien Occupé,Occupied Palestinian Territory,Asie,AS
83,83,84,276,DE,DEU,Allemagne,Germany,Europe,EU
84,84,85,288,GH,GHA,Ghana,Ghana,Afrique,AF
85,85,86,292,GI,GIB,Gibraltar,Gibraltar,Europe,EU
86,86,87,296,KI,KIR,Kiribati,Kiribati,Océanie,OC
87,87,88,300,GR,GRC,Grèce,Greece,Europe,EU
88,88,89,304,GL,GRL,Groenland,Greenland,,
89,89,90,308,GD,GRD,Grenade,Grenada,Amerique du Nord,NA
90,90,91,312,GP,GLP,Guadeloupe,Guadeloupe,Amerique du Nord,NA
91,91,92,316,GU,GUM,Guam,Guam,Océanie,OC
92,92,93,320,GT,GTM,Guatemala,Guatemala,Amerique du Nord,NA
93,93,94,324,GN,GIN,Guinée,Guinea,Afrique,AF
94,94,95,328,GY,GUY,Guyana,Guyana,Amerique du sud,SA
95,95,96,332,HT,HTI,Haïti,Haiti,Amerique du Nord,NA
96,96,97,334,HM,HMD,Îles Heard et Mcdonald,Heard Island and McDonald Islands,Antartique,AN
97,97,98,336,VA,VAT,Saint-Siège (état de la Cité du Vatican),Vatican City State,Europe,EU
98,98,99,340,HN,HND,Honduras,Honduras,Amerique du Nord,NA
99,99,100,344,HK,HKG,Hong-Kong,Hong Kong,Asie,AS
100,100,101,348,HU,HUN,Hongrie,Hungary,Europe,EU
101,101,102,352,IS,ISL,Islande,Iceland,Europe,EU
102,102,103,356,IN,IND,Inde,India,Asie,AS
103,103,104,360,ID,IDN,Indonésie,Indonesia,Asie,AS
104,104,105,364,IR,IRN,République Islamique d'Iran,Islamic Republic of Iran,Asie,AS
105,105,106,368,IQ,IRQ,Iraq,Iraq,Asie,AS
106,106,107,372,IE,IRL,Irlande,Ireland,Europe,EU
107,107,108,376,IL,ISR,Israël,Israel,Asie,AS
108,108,109,380,IT,ITA,Italie,Italy,Europe,EU
109,109,110,384,CI,CIV,Côte d'Ivoire,Côte d'Ivoire,Afrique,AF
110,110,111,388,JM,JAM,Jamaïque,Jamaica,Amerique du Nord,NA
111,111,112,392,JP,JPN,Japon,Japan,Asie,AS
112,112,113,398,KZ,KAZ,Kazakhstan,Kazakhstan,Asie,AS
113,113,114,400,JO,JOR,Jordanie,Jordan,Asie,AS
114,114,115,404,KE,KEN,Kenya,Kenya,Afrique,AF
115,115,116,408,KP,PRK,République Populaire Démocratique de Corée,Democratic People's Republic of Korea,Asie,AS
116,116,117,410,KR,KOR,République de Corée,Republic of Korea,Asie,AS
117,117,118,414,KW,KWT,Koweït,Kuwait,Asie,AS
118,118,119,417,KG,KGZ,Kirghizistan,Kyrgyzstan,Asie,AS
119,119,120,418,LA,LAO,République Démocratique Populaire Lao,Lao People's Democratic Republic,Asie,AS
120,120,121,422,LB,LBN,Liban,Lebanon,Asie,AS
121,121,122,426,LS,LSO,Lesotho,Lesotho,Afrique,AF
122,122,123,428,LV,LVA,Lettonie,Latvia,Europe,EU
123,123,124,430,LR,LBR,Libéria,Liberia,Afrique,AF
124,124,125,434,LY,LBY,Jamahiriya Arabe Libyenne,Libyan Arab Jamahiriya,Afrique,AF
125,125,126,438,LI,LIE,Liechtenstein,Liechtenstein,Europe,EU
126,126,127,440,LT,LTU,Lituanie,Lithuania,Europe,EU
127,127,128,442,LU,LUX,Luxembourg,Luxembourg,Europe,EU
128,128,129,446,MO,MAC,Macao,Macao,Asie,AS
129,129,130,450,MG,MDG,Madagascar,Madagascar,Afrique,AF
130,130,131,454,MW,MWI,Malawi,Malawi,Afrique,AF
131,131,132,458,MY,MYS,Malaisie,Malaysia,Asie,AS
132,132,133,462,MV,MDV,Maldives,Maldives,Asie,AS
133,133,134,466,ML,MLI,Mali,Mali,Afrique,AF
134,134,135,470,MT,MLT,Malte,Malta,Europe,EU
135,135,136,474,MQ,MTQ,Martinique,Martinique,,
136,136,137,478,MR,MRT,Mauritanie,Mauritania,Afrique,AF
137,137,138,480,MU,MUS,Maurice,Mauritius,Afrique,AF
138,138,139,484,MX,MEX,Mexique,Mexico,Amerique du Nord,NA
139,139,140,492,MC,MCO,Monaco,Monaco,Europe,EU
140,140,141,496,MN,MNG,Mongolie,Mongolia,Asie,AS
141,141,142,498,MD,MDA,République de Moldova,Republic of Moldova,Europe,EU
142,142,143,500,MS,MSR,Montserrat,Montserrat,,
143,143,144,504,MA,MAR,Maroc,Morocco,Afrique,AF
144,144,145,508,MZ,MOZ,Mozambique,Mozambique,Afrique,AF
145,145,146,512,OM,OMN,Oman,Oman,Asie,AS
146,146,147,516,,NAM,Namibie,Namibia,Afrique,AF
147,147,148,520,NR,NRU,Nauru,Nauru,Océanie,OC
148,148,149,524,NP,NPL,Népal,Nepal,Asie,AS
149,149,150,528,NL,NLD,Pays-Bas,Netherlands,Europe,EU
150,150,152,533,AW,ABW,Aruba,Aruba,Amerique du sud,SA
151,151,153,540,NC,NCL,Nouvelle-Calédonie,New Caledonia,Océanie,OC
152,152,154,548,VU,VUT,Vanuatu,Vanuatu,Océanie,OC
153,153,155,554,NZ,NZL,Nouvelle-Zélande,New Zealand,Océanie,OC
154,154,156,558,NI,NIC,Nicaragua,Nicaragua,Amerique du Nord,NA
155,155,157,562,NE,NER,Niger,Niger,Afrique,AF
156,156,158,566,NG,NGA,Nigéria,Nigeria,Afrique,AF
157,157,159,570,NU,NIU,Niué,Niue,Océanie,OC
158,158,160,574,NF,NFK,Île Norfolk,Norfolk Island,Océanie,OC
159,159,161,578,NO,NOR,Norvège,Norway,Europe,EU
160,160,162,580,MP,MNP,Îles Mariannes du Nord,Northern Mariana Islands,Océanie,OC
161,161,163,581,UM,UMI,Îles Mineures Éloignées des États-Unis,United States Minor Outlying Islands,Océanie,OC
162,162,164,583,FM,FSM,États Fédérés de Micronésie,Federated States of Micronesia,Océanie,OC
163,163,165,584,MH,MHL,Îles Marshall,Marshall Islands,Océanie,OC
164,164,166,585,PW,PLW,Palaos,Palau,Océanie,OC
165,165,167,586,PK,PAK,Pakistan,Pakistan,Asie,AS
166,166,168,591,PA,PAN,Panama,Panama,Amerique du Nord,NA
167,167,169,598,PG,PNG,Papouasie-Nouvelle-Guinée,Papua New Guinea,Océanie,OC
168,168,170,600,PY,PRY,Paraguay,Paraguay,Amerique du sud,SA
169,169,171,604,PE,PER,Pérou,Peru,Amerique du sud,SA
170,170,172,608,PH,PHL,Philippines,Philippines,Asie,AS
171,171,173,612,PN,PCN,Pitcairn,Pitcairn,Océanie,OC
172,172,174,616,PL,POL,Pologne,Poland,Europe,EU
173,173,175,620,PT,PRT,Portugal,Portugal,Europe,EU
174,174,176,624,GW,GNB,Guinée-Bissau,Guinea-Bissau,Afrique,AF
175,175,177,626,TL,TLS,Timor-Leste,Timor-Leste,Océanie,OC
176,176,178,630,PR,PRI,Porto Rico,Puerto Rico,,
177,177,179,634,QA,QAT,Qatar,Qatar,Asie,AS
178,178,180,638,RE,REU,Réunion,Réunion,Afrique,AF
179,179,181,642,RO,ROU,Roumanie,Romania,Europe,EU
180,180,182,643,RU,RUS,Fédération de Russie,Russian Federation,Europe,EU
181,181,183,646,RW,RWA,Rwanda,Rwanda,Afrique,AF
182,182,184,654,SH,SHN,Sainte-Hélène,Saint Helena,Afrique,AF
183,183,185,659,KN,KNA,Saint-Kitts-et-Nevis,Saint Kitts and Nevis,Amerique du Nord,NA
184,184,186,660,AI,AIA,Anguilla,Anguilla,,
185,185,187,662,LC,LCA,Sainte-Lucie,Saint Lucia,Amerique du Nord,NA
186,186,188,666,PM,SPM,Saint-Pierre-et-Miquelon,Saint-Pierre and Miquelon,,
187,187,189,670,VC,VCT,Saint-Vincent-et-les Grenadines,Saint Vincent and the Grenadines,Amerique du Nord,NA
188,188,190,674,SM,SMR,Saint-Marin,San Marino,Europe,EU
189,189,191,678,ST,STP,Sao Tomé-et-Principe,Sao Tome and Principe,Afrique,AF
190,190,192,682,SA,SAU,Arabie Saoudite,Saudi Arabia,Asie,AS
191,191,193,686,SN,SEN,Sénégal,Senegal,Afrique,AF
192,192,194,690,SC,SYC,Seychelles,Seychelles,Afrique,AF
193,193,195,694,SL,SLE,Sierra Leone,Sierra Leone,Afrique,AF
194,194,196,702,SG,SGP,Singapour,Singapore,Asie,AS
195,195,197,703,SK,SVK,Slovaquie,Slovakia,Europe,EU
196,196,198,704,VN,VNM,Viet Nam,Vietnam,Asie,AS
197,197,199,705,SI,SVN,Slovénie,Slovenia,Europe,EU
198,198,200,706,SO,SOM,Somalie,Somalia,Afrique,AF
199,199,201,710,ZA,ZAF,Afrique du Sud,South Africa,Afrique,AF
200,200,202,716,ZW,ZWE,Zimbabwe,Zimbabwe,Afrique,AF
201,201,203,724,ES,ESP,Espagne,Spain,Europe,EU
202,202,204,732,EH,ESH,Sahara Occidental,Western Sahara,Afrique,AF
203,203,205,736,SD,SDN,Soudan,Sudan,Afrique,AF
204,204,206,740,SR,SUR,Suriname,Suriname,Amerique du sud,SA
205,205,207,744,SJ,SJM,Svalbard etÎle Jan Mayen,Svalbard and Jan Mayen,Europe,EU
206,206,208,748,SZ,SWZ,Swaziland,Swaziland,Afrique,AF
207,207,209,752,SE,SWE,Suède,Sweden,Europe,EU
208,208,210,756,CH,CHE,Suisse,Switzerland,Europe,EU
209,209,211,760,SY,SYR,République Arabe Syrienne,Syrian Arab Republic,Asie,AS
210,210,212,762,TJ,TJK,Tadjikistan,Tajikistan,Asie,AS
211,211,213,764,TH,THA,Thaïlande,Thailand,Asie,AS
212,212,214,768,TG,TGO,Togo,Togo,Afrique,AF
213,213,215,772,TK,TKL,Tokelau,Tokelau,Océanie,OC
214,214,216,776,TO,TON,Tonga,Tonga,Océanie,OC
215,215,217,780,TT,TTO,Trinité-et-Tobago,Trinidad and Tobago,Amerique du sud,SA
216,216,218,784,AE,ARE,Émirats Arabes Unis,United Arab Emirates,Asie,AS
217,217,219,788,TN,TUN,Tunisie,Tunisia,Afrique,AF
218,218,220,792,TR,TUR,Turquie,Turkey,Asie,AS
219,219,221,795,TM,TKM,Turkménistan,Turkmenistan,Asie,AS
220,220,222,796,TC,TCA,Îles Turks et Caïques,Turks and Caicos Islands,,
221,221,223,798,TV,TUV,Tuvalu,Tuvalu,Océanie,OC
222,222,224,800,UG,UGA,Ouganda,Uganda,Afrique,AF
223,223,225,804,UA,UKR,Ukraine,Ukraine,Europe,EU
224,224,226,807,MK,MKD,L'ex-République Yougoslave de Macédoine,The Former Yugoslav Republic of Macedonia,Europe,EU
225,225,227,818,EG,EGY,Égypte,Egypt,Afrique,AF
226,226,228,826,GB,GBR,Royaume-Uni,United Kingdom,Europe,EU
227,227,229,833,IM,IMN,Île de Man,Isle of Man,Europe,EU
228,228,230,834,TZ,TZA,République-Unie de Tanzanie,United Republic Of Tanzania,Afrique,AF
229,229,231,840,US,USA,États-Unis,United States,,
230,230,232,850,VI,VIR,Îles Vierges des États-Unis,U.S. Virgin Islands,,
231,231,233,854,BF,BFA,Burkina Faso,Burkina Faso,Afrique,AF
232,232,234,858,UY,URY,Uruguay,Uruguay,Amerique du sud,SA
233,233,235,860,UZ,UZB,Ouzbékistan,Uzbekistan,Asie,AS
234,234,236,862,VE,VEN,Venezuela,Venezuela,Amerique du sud,SA
235,235,237,876,WF,WLF,Wallis et Futuna,Wallis and Futuna,Océanie,OC
236,236,238,882,WS,WSM,Samoa,Samoa,Océanie,OC
237,237,239,887,YE,YEM,Yémen,Yemen,Asie,AS
238,238,241,894,ZM,ZMB,Zambie,Zambia,Afrique,AF
239,239,242,728,SS,SSD,Soudan du Sud," ""South Sudan""",Afrique,AF
240,240,499,499,ME,MNE,Monténégro,Montenegro,Europe,EU
241,241,688,688,RS,SRB,République de Serbie,Serbia,Europe,EU
